<?xml version="1.0" encoding="UTF-8"?>

<?xml-model href="onepiece.rnc" type="application/relax-ng-compact-syntax"?>
<xml>
<bibl source="https://en.wikipedia.org/wiki/One_Piece"/>
    
<section n="1" info="bg">One Piece (stylized in all caps) is a Japanese manga series written and illustrated by Eiichiro Oda. It has been serialized in Shueisha's shōnen manga magazine Weekly Shōnen Jump since <date when="1997">July 1997</date>, with its chapters compiled in 109 tankōbon volumes as of <date when="2024">July 2024</date>. The story follows the adventures of Monkey D. Luffy and his crew, the Straw Hat Pirates, where he explores the Grand Line in search of the mythical treasure known as the "One Piece" to become the next King of the Pirates.</section>

<section n="2" info="plot">The series focuses on <crew role="capt">Monkey D. Luffy</crew>— a young man made of rubber after unintentionally eating a Devil Fruit— who sets off on a journey from the East Blue Sea to find the deceased King of the Pirates Gol D. Roger's ultimate treasure known as the "One Piece", and take over his prior title. Luffy sets sail as captain of the Straw Hat Pirates, and is joined by <crew role="swrds">Roronoa Zoro</crew>, a swordsman and former bounty hunter; <crew role="navi">Nami</crew>, a money-obsessed thief and navigator; <crew role="snpr">Usopp</crew>, a sniper and compulsive liar; and <crew role="cook">Sanji</crew>, an amorous but chivalrous cook. They acquire a ship, the Going Merry— later replaced by the Thousand Sunny— and engage in confrontations with notorious pirates. As Luffy and his crew set out on their adventures, others join the crew later in the series, including <crew role="doc">Tony Tony Chopper</crew>, an anthropomorphized reindeer doctor; <crew role="archae">Nico Robin</crew>, an archaeologist and former Baroque Works assassin; <crew role="shipw">Franky</crew>, a cyborg shipwright; <crew role="music">Brook</crew>, a skeleton musician and swordsman; and <crew role="helm">Jimbei</crew>, a whale shark-type fish-man and former member of the Seven Warlords of the Sea who becomes their helmsman. Together, they encounter other pirates, bounty hunters, criminal organizations, revolutionaries, secret agents, different types of scientists, soldiers of the morally ambiguous World Government, and various other friends and foes, as they sail the seas in pursuit of their dreams.</section>

</xml>