<?xml version="1.0" encoding="UTF-8"?>
<?xml-model href="xml3schema.xml" type="application/relax-ng-compact-syntax"?>
<xml>
    <!--I wasn't sure what to markup for this assignment. "Any text" is a very broad generalization.-->

    <section>
        <p num="1" type="instruct">First, read Obdurodon’s <link to="extSite">You aren’t a beginning XML
            developer anymore</link>. At this point, you are officially not a beginner! :-)</p>

    <p num="2" type="instruct">For this assignment, mark up a text of your choice: any text (or
        portion of a text) with a manageable size for this assignment, and foreign languages
        welcome.</p></section>
    
    <section><title type="criteria">Your marked-up XML document should:</title>
    <!--Removed punctuation from the ends of each of the list items (three commas and a period). Mostly because they don't have to be there and the meaning of the list doesn't change if they're gone.-->
    <li>Be well-formed XML</li>
    <li>Contain elements and attributes</li>
    <li>Hold its structure when you pretty-print it</li>
    <li>Include at least one XML comment</li>
</section>
    <section><title type="note">About daily homework exercises in this class:</title>
    <p num="3">Coding homework is time-sensitive and always due before class starts! These exercises
        do NOT need to be perfect, but doing something substantial before class is super important
        to how this class works! We are not aiming for perfection in homeworks, but evidence of
        learning as you go. Because we go over assignments together in class just after they are
        due, homework is full credit when submitted on time, and loses points when submitted late.
        It is not worth any points at all after the test for a unit is completed. </p></section>
</xml>

<!--9/22/24: This is not going very well. The schema is mad at me and I can't figure out why. This is giving me a headache.-->